<?xml version="1.0" encoding="UTF-8"?>
<project-private xmlns="http://www.netbeans.org/ns/project-private/1">
    <editor-bookmarks xmlns="http://www.netbeans.org/ns/editor-bookmarks/2" lastBookmarkId="0"/>
    <open-files xmlns="http://www.netbeans.org/ns/projectui-open-files/2">
        <group>
            <file>file://Nasinfo2/pc-4/Cataldo_TPSI/Cataldo_verifica/src/cataldo_verifica/Client.java</file>
            <file>file://Nasinfo2/pc-4/Cataldo_TPSI/Cataldo_verifica/src/cataldo_verifica/Server.java</file>
        </group>
    </open-files>
</project-private>
