<?xml version="1.0" encoding="UTF-8"?>
<project-private xmlns="http://www.netbeans.org/ns/project-private/1">
    <editor-bookmarks xmlns="http://www.netbeans.org/ns/editor-bookmarks/2" lastBookmarkId="0"/>
    <open-files xmlns="http://www.netbeans.org/ns/projectui-open-files/2">
        <group>
            <file>file://Nasinfo2/pc-17/Bonavero_TPSI/Verifica_21_10_2025/src/verifica_21_10_2025/ClientGUI.java</file>
            <file>file://Nasinfo2/pc-17/Bonavero_TPSI/Verifica_21_10_2025/src/verifica_21_10_2025/Server.java</file>
        </group>
    </open-files>
</project-private>
