<?xml version="1.0" encoding="UTF-8"?>
<project-private xmlns="http://www.netbeans.org/ns/project-private/1">
    <editor-bookmarks xmlns="http://www.netbeans.org/ns/editor-bookmarks/2" lastBookmarkId="0"/>
    <open-files xmlns="http://www.netbeans.org/ns/projectui-open-files/2">
        <group>
            <file>file:/Z:/Ramli_TPSI/StringEx/src/stringex/StringServer.java</file>
            <file>file:/Z:/Ramli_TPSI/StringEx/src/stringex/StringClient.java</file>
            <file>file:/Z:/Ramli_TPSI/StringEx/src/stringex/StringEx.java</file>
            <file>file:/Z:/Ramli_TPSI/StringEx/src/stringex/SessionString.java</file>
        </group>
    </open-files>
</project-private>
